<?xml version="1.0" encoding="UTF-8"?>
<export version="E">
  <design>
    <source>/Users/sapelectronic/Desktop/MMTC_TEST/battery15_version2/battery15_version2.kicad_sch</source>
    <date>2023 April 10, Monday 10:22:30</date>
    <tool>Eeschema (6.0.5-0)</tool>
    <sheet number="1" name="/" tstamps="/">
      <title_block>
        <title>MCP73831 Lipo charger version2</title>
        <company/>
        <rev>Rev-2.0</rev>
        <date>2023-04-04</date>
        <source>battery15_version2.kicad_sch</source>
        <comment number="1" value="Designed in Thailand"/>
        <comment number="2" value=""/>
        <comment number="3" value=""/>
        <comment number="4" value=""/>
        <comment number="5" value=""/>
        <comment number="6" value=""/>
        <comment number="7" value=""/>
        <comment number="8" value=""/>
        <comment number="9" value=""/>
      </title_block>
    </sheet>
  </design>
  <components>
    <comp ref="C1">
      <value>10uF</value>
      <footprint>Capacitor_SMD:C_0603_1608Metric</footprint>
      <libsource lib="Device" part="C" description="Unpolarized capacitor"/>
      <property name="Sheetname" value=""/>
      <property name="Sheetfile" value="battery15_version2.kicad_sch"/>
      <sheetpath names="/" tstamps="/"/>
      <tstamps>864ff0fc-c7d4-4a91-aec6-200f1e22da61</tstamps>
    </comp>
    <comp ref="C2">
      <value>10uF</value>
      <footprint>Capacitor_SMD:C_0603_1608Metric</footprint>
      <libsource lib="Device" part="C" description="Unpolarized capacitor"/>
      <property name="Sheetname" value=""/>
      <property name="Sheetfile" value="battery15_version2.kicad_sch"/>
      <sheetpath names="/" tstamps="/"/>
      <tstamps>97dc06aa-c7eb-4e76-83c0-9eacb8dc76a7</tstamps>
    </comp>
    <comp ref="D1">
      <value>SS16-E3_5AT</value>
      <footprint>custom_Library:SS16-E3_5AT</footprint>
      <datasheet>http://www.vishay.com/docs/88746/ss12.pdf</datasheet>
      <fields>
        <field name="Description">Vishay SS16-E3/5AT SMT Schottky Diode, 60V 1A, 2-Pin DO-214AC</field>
        <field name="Height">2.29</field>
        <field name="Manufacturer_Name">Vishay</field>
        <field name="Manufacturer_Part_Number">SS16-E3/5AT</field>
        <field name="Mouser Part Number">625-SS16-E3/5AT</field>
        <field name="Mouser Price/Stock">https://www.mouser.co.uk/ProductDetail/Vishay-General-Semiconductor/SS16-E3-5AT?qs=x2jpVgRnAtMkp%252BSHsMGWNQ%3D%3D</field>
      </fields>
      <libsource lib="SS16-E3_5AT" part="SS16-E3_5AT" description=""/>
      <property name="Description" value="Vishay SS16-E3/5AT SMT Schottky Diode, 60V 1A, 2-Pin DO-214AC"/>
      <property name="Height" value="2.29"/>
      <property name="Mouser Part Number" value="625-SS16-E3/5AT"/>
      <property name="Mouser Price/Stock" value="https://www.mouser.co.uk/ProductDetail/Vishay-General-Semiconductor/SS16-E3-5AT?qs=x2jpVgRnAtMkp%252BSHsMGWNQ%3D%3D"/>
      <property name="Manufacturer_Name" value="Vishay"/>
      <property name="Manufacturer_Part_Number" value="SS16-E3/5AT"/>
      <property name="Sheetname" value=""/>
      <property name="Sheetfile" value="battery15_version2.kicad_sch"/>
      <sheetpath names="/" tstamps="/"/>
      <tstamps>429658f9-5ff9-4318-8bf9-ea0fb6fcf254</tstamps>
    </comp>
    <comp ref="D2">
      <value>LED</value>
      <footprint>LED_SMD:LED_0603_1608Metric</footprint>
      <libsource lib="Device" part="LED" description="Light emitting diode"/>
      <property name="Sheetname" value=""/>
      <property name="Sheetfile" value="battery15_version2.kicad_sch"/>
      <sheetpath names="/" tstamps="/"/>
      <tstamps>b5ceb380-2da4-41b9-8a2f-1bb9b6b13bdb</tstamps>
    </comp>
    <comp ref="F1">
      <value>Polyfuse</value>
      <footprint>Resistor_SMD:R_1206_3216Metric</footprint>
      <libsource lib="Device" part="Polyfuse" description="Resettable fuse, polymeric positive temperature coefficient"/>
      <property name="Sheetname" value=""/>
      <property name="Sheetfile" value="battery15_version2.kicad_sch"/>
      <sheetpath names="/" tstamps="/"/>
      <tstamps>e0e6ea17-1b89-44f4-9648-38c5d4b51270</tstamps>
    </comp>
    <comp ref="H1">
      <value>MountingHole</value>
      <footprint>MountingHole:MountingHole_3mm_Pad</footprint>
      <libsource lib="Mechanical" part="MountingHole" description="Mounting Hole without connection"/>
      <property name="Sheetname" value=""/>
      <property name="Sheetfile" value="battery15_version2.kicad_sch"/>
      <sheetpath names="/" tstamps="/"/>
      <tstamps>055aa9e1-3046-40e7-bf5c-5f37ee3c8818</tstamps>
    </comp>
    <comp ref="J1">
      <value>USB_A</value>
      <footprint>custom_Library:MOLEX_48037-0001</footprint>
      <datasheet> ~</datasheet>
      <libsource lib="Connector" part="USB_A" description="USB Type A connector"/>
      <property name="Sheetname" value=""/>
      <property name="Sheetfile" value="battery15_version2.kicad_sch"/>
      <sheetpath names="/" tstamps="/"/>
      <tstamps>ff7cbe66-3c8b-4805-9c68-467b29cdb9e8</tstamps>
    </comp>
    <comp ref="J2">
      <value>BATT_JST</value>
      <footprint>Connector_JST:JST_ZE_SM02B-ZESS-TB_1x02-1MP_P1.50mm_Horizontal</footprint>
      <libsource lib="Connector_Generic" part="Conn_01x02" description="Generic connector, single row, 01x02, script generated (kicad-library-utils/schlib/autogen/connector/)"/>
      <property name="Sheetname" value=""/>
      <property name="Sheetfile" value="battery15_version2.kicad_sch"/>
      <sheetpath names="/" tstamps="/"/>
      <tstamps>2ae28562-83c5-4c4f-8734-68561c373280</tstamps>
    </comp>
    <comp ref="J3">
      <value>BATT_Pin</value>
      <footprint>TestPoint:TestPoint_2Pads_Pitch5.08mm_Drill1.3mm</footprint>
      <libsource lib="Connector_Generic" part="Conn_01x02" description="Generic connector, single row, 01x02, script generated (kicad-library-utils/schlib/autogen/connector/)"/>
      <property name="Sheetname" value=""/>
      <property name="Sheetfile" value="battery15_version2.kicad_sch"/>
      <sheetpath names="/" tstamps="/"/>
      <tstamps>38dd13fa-5003-492d-b6c0-bfb5dc90ab6c</tstamps>
    </comp>
    <comp ref="JP1">
      <value>SolderJumper_3_Open</value>
      <footprint>Jumper:SolderJumper-3_P1.3mm_Open_RoundedPad1.0x1.5mm_NumberLabels</footprint>
      <libsource lib="Jumper" part="SolderJumper_3_Open" description="Solder Jumper, 3-pole, open"/>
      <property name="Sheetname" value=""/>
      <property name="Sheetfile" value="battery15_version2.kicad_sch"/>
      <sheetpath names="/" tstamps="/"/>
      <tstamps>3a7ca5b0-1131-4dc2-a34c-d3b492b38844</tstamps>
    </comp>
    <comp ref="JP2">
      <value>J_JSTandPin</value>
      <footprint>Jumper:SolderJumper-2_P1.3mm_Open_RoundedPad1.0x1.5mm</footprint>
      <libsource lib="Jumper" part="Jumper_2_Open" description="Jumper, 2-pole, open"/>
      <property name="Sheetname" value=""/>
      <property name="Sheetfile" value="battery15_version2.kicad_sch"/>
      <sheetpath names="/" tstamps="/"/>
      <tstamps>77fa1898-4c2b-41d8-9057-c9df255eae61</tstamps>
    </comp>
    <comp ref="R1">
      <value>2k</value>
      <footprint>Resistor_SMD:R_0603_1608Metric</footprint>
      <libsource lib="Device" part="R" description="Resistor"/>
      <property name="Sheetname" value=""/>
      <property name="Sheetfile" value="battery15_version2.kicad_sch"/>
      <sheetpath names="/" tstamps="/"/>
      <tstamps>49a05b94-4196-480f-99e0-d3d4feb9b4bd</tstamps>
    </comp>
    <comp ref="R2">
      <value>3k3</value>
      <footprint>Resistor_SMD:R_0603_1608Metric</footprint>
      <libsource lib="Device" part="R" description="Resistor"/>
      <property name="Sheetname" value=""/>
      <property name="Sheetfile" value="battery15_version2.kicad_sch"/>
      <sheetpath names="/" tstamps="/"/>
      <tstamps>ed09f35c-9150-46f9-9205-664399306c3c</tstamps>
    </comp>
    <comp ref="R3">
      <value>470R</value>
      <footprint>Resistor_SMD:R_0603_1608Metric</footprint>
      <libsource lib="Device" part="R" description="Resistor"/>
      <property name="Sheetname" value=""/>
      <property name="Sheetfile" value="battery15_version2.kicad_sch"/>
      <sheetpath names="/" tstamps="/"/>
      <tstamps>fa1da7ad-232b-4667-891c-7a4e12994fcc</tstamps>
    </comp>
    <comp ref="U1">
      <value>MCP73831-2-OT</value>
      <footprint>Package_TO_SOT_SMD:SOT-23-5</footprint>
      <datasheet>http://ww1.microchip.com/downloads/en/DeviceDoc/20001984g.pdf</datasheet>
      <libsource lib="Battery_Management" part="MCP73831-2-OT" description="Single cell, Li-Ion/Li-Po charge management controller, 4.20V, Tri-State Status Output, in SOT23-5 package"/>
      <property name="Sheetname" value=""/>
      <property name="Sheetfile" value="battery15_version2.kicad_sch"/>
      <sheetpath names="/" tstamps="/"/>
      <tstamps>46c83e54-78f9-46ab-9cd6-6f0984faa42e</tstamps>
    </comp>
  </components>
  <libparts>
    <libpart lib="Battery_Management" part="MCP73831-2-OT">
      <description>Single cell, Li-Ion/Li-Po charge management controller, 4.20V, Tri-State Status Output, in SOT23-5 package</description>
      <docs>http://ww1.microchip.com/downloads/en/DeviceDoc/20001984g.pdf</docs>
      <footprints>
        <fp>SOT?23*</fp>
      </footprints>
      <fields>
        <field name="Reference">U</field>
        <field name="Value">MCP73831-2-OT</field>
        <field name="Footprint">Package_TO_SOT_SMD:SOT-23-5</field>
        <field name="Datasheet">http://ww1.microchip.com/downloads/en/DeviceDoc/20001984g.pdf</field>
      </fields>
      <pins>
        <pin num="1" name="STAT" type="output"/>
        <pin num="2" name="VSS" type="power_in"/>
        <pin num="3" name="VBAT" type="power_out"/>
        <pin num="4" name="VDD" type="power_in"/>
        <pin num="5" name="PROG" type="input"/>
      </pins>
    </libpart>
    <libpart lib="Connector" part="USB_A">
      <description>USB Type A connector</description>
      <docs> ~</docs>
      <footprints>
        <fp>USB*</fp>
      </footprints>
      <fields>
        <field name="Reference">J</field>
        <field name="Value">USB_A</field>
        <field name="Datasheet"> ~</field>
      </fields>
      <pins>
        <pin num="1" name="VBUS" type="power_in"/>
        <pin num="2" name="D-" type="bidirectional"/>
        <pin num="3" name="D+" type="bidirectional"/>
        <pin num="4" name="GND" type="power_in"/>
        <pin num="5" name="Shield" type="passive"/>
      </pins>
    </libpart>
    <libpart lib="Connector_Generic" part="Conn_01x02">
      <description>Generic connector, single row, 01x02, script generated (kicad-library-utils/schlib/autogen/connector/)</description>
      <docs>~</docs>
      <footprints>
        <fp>Connector*:*_1x??_*</fp>
      </footprints>
      <fields>
        <field name="Reference">J</field>
        <field name="Value">Conn_01x02</field>
        <field name="Datasheet">~</field>
      </fields>
      <pins>
        <pin num="1" name="Pin_1" type="passive"/>
        <pin num="2" name="Pin_2" type="passive"/>
      </pins>
    </libpart>
    <libpart lib="Device" part="C">
      <description>Unpolarized capacitor</description>
      <docs>~</docs>
      <footprints>
        <fp>C_*</fp>
      </footprints>
      <fields>
        <field name="Reference">C</field>
        <field name="Value">C</field>
        <field name="Datasheet">~</field>
      </fields>
      <pins>
        <pin num="1" name="" type="passive"/>
        <pin num="2" name="" type="passive"/>
      </pins>
    </libpart>
    <libpart lib="Device" part="LED">
      <description>Light emitting diode</description>
      <docs>~</docs>
      <footprints>
        <fp>LED*</fp>
        <fp>LED_SMD:*</fp>
        <fp>LED_THT:*</fp>
      </footprints>
      <fields>
        <field name="Reference">D</field>
        <field name="Value">LED</field>
        <field name="Datasheet">~</field>
      </fields>
      <pins>
        <pin num="1" name="K" type="passive"/>
        <pin num="2" name="A" type="passive"/>
      </pins>
    </libpart>
    <libpart lib="Device" part="Polyfuse">
      <description>Resettable fuse, polymeric positive temperature coefficient</description>
      <docs>~</docs>
      <footprints>
        <fp>*polyfuse*</fp>
        <fp>*PTC*</fp>
      </footprints>
      <fields>
        <field name="Reference">F</field>
        <field name="Value">Polyfuse</field>
        <field name="Datasheet">~</field>
      </fields>
      <pins>
        <pin num="1" name="" type="passive"/>
        <pin num="2" name="" type="passive"/>
      </pins>
    </libpart>
    <libpart lib="Device" part="R">
      <description>Resistor</description>
      <docs>~</docs>
      <footprints>
        <fp>R_*</fp>
      </footprints>
      <fields>
        <field name="Reference">R</field>
        <field name="Value">R</field>
        <field name="Datasheet">~</field>
      </fields>
      <pins>
        <pin num="1" name="" type="passive"/>
        <pin num="2" name="" type="passive"/>
      </pins>
    </libpart>
    <libpart lib="Jumper" part="Jumper_2_Open">
      <description>Jumper, 2-pole, open</description>
      <docs>~</docs>
      <footprints>
        <fp>Jumper*</fp>
        <fp>TestPoint*2Pads*</fp>
        <fp>TestPoint*Bridge*</fp>
      </footprints>
      <fields>
        <field name="Reference">JP</field>
        <field name="Value">Jumper_2_Open</field>
        <field name="Datasheet">~</field>
      </fields>
      <pins>
        <pin num="1" name="A" type="passive"/>
        <pin num="2" name="B" type="passive"/>
      </pins>
    </libpart>
    <libpart lib="Jumper" part="SolderJumper_3_Open">
      <description>Solder Jumper, 3-pole, open</description>
      <docs>~</docs>
      <footprints>
        <fp>SolderJumper*Open*</fp>
      </footprints>
      <fields>
        <field name="Reference">JP</field>
        <field name="Value">SolderJumper_3_Open</field>
        <field name="Datasheet">~</field>
      </fields>
      <pins>
        <pin num="1" name="A" type="passive"/>
        <pin num="2" name="C" type="passive"/>
        <pin num="3" name="B" type="passive"/>
      </pins>
    </libpart>
    <libpart lib="Mechanical" part="MountingHole">
      <description>Mounting Hole without connection</description>
      <docs>~</docs>
      <footprints>
        <fp>MountingHole*</fp>
      </footprints>
      <fields>
        <field name="Reference">H</field>
        <field name="Value">MountingHole</field>
        <field name="Datasheet">~</field>
      </fields>
    </libpart>
    <libpart lib="SS16-E3_5AT" part="SS16-E3_5AT">
      <docs>http://www.vishay.com/docs/88746/ss12.pdf</docs>
      <fields>
        <field name="Reference">D</field>
        <field name="Value">SS16-E3_5AT</field>
        <field name="Footprint">DIOM5127X229N</field>
        <field name="Datasheet">http://www.vishay.com/docs/88746/ss12.pdf</field>
        <field name="Description">Vishay SS16-E3/5AT SMT Schottky Diode, 60V 1A, 2-Pin DO-214AC</field>
        <field name="Height">2.29</field>
        <field name="Mouser Part Number">625-SS16-E3/5AT</field>
        <field name="Mouser Price/Stock">https://www.mouser.co.uk/ProductDetail/Vishay-General-Semiconductor/SS16-E3-5AT?qs=x2jpVgRnAtMkp%252BSHsMGWNQ%3D%3D</field>
        <field name="Manufacturer_Name">Vishay</field>
        <field name="Manufacturer_Part_Number">SS16-E3/5AT</field>
      </fields>
      <pins>
        <pin num="1" name="" type="passive"/>
        <pin num="2" name="" type="passive"/>
      </pins>
    </libpart>
  </libparts>
  <libraries>
    <library logical="Battery_Management">
      <uri>/Applications/KiCad/KiCad.app/Contents/SharedSupport/symbols//Battery_Management.kicad_sym</uri>
    </library>
    <library logical="Connector">
      <uri>/Applications/KiCad/KiCad.app/Contents/SharedSupport/symbols//Connector.kicad_sym</uri>
    </library>
    <library logical="Connector_Generic">
      <uri>/Applications/KiCad/KiCad.app/Contents/SharedSupport/symbols//Connector_Generic.kicad_sym</uri>
    </library>
    <library logical="Device">
      <uri>/Applications/KiCad/KiCad.app/Contents/SharedSupport/symbols//Device.kicad_sym</uri>
    </library>
    <library logical="Jumper">
      <uri>/Applications/KiCad/KiCad.app/Contents/SharedSupport/symbols//Jumper.kicad_sym</uri>
    </library>
    <library logical="Mechanical">
      <uri>/Applications/KiCad/KiCad.app/Contents/SharedSupport/symbols//Mechanical.kicad_sym</uri>
    </library>
    <library logical="SS16-E3_5AT">
      <uri>/Users/sapelectronic/Documents/KiCad/6.0/symbols/SS16-E3_5AT.kicad_sym</uri>
    </library>
  </libraries>
  <nets>
    <net code="1" name="+BATT">
      <node ref="C2" pin="2" pintype="passive"/>
      <node ref="J2" pin="1" pinfunction="Pin_1" pintype="passive"/>
      <node ref="JP2" pin="2" pinfunction="B" pintype="passive"/>
      <node ref="U1" pin="3" pinfunction="VBAT" pintype="power_out"/>
    </net>
    <net code="2" name="GND">
      <node ref="C1" pin="1" pintype="passive"/>
      <node ref="C2" pin="1" pintype="passive"/>
      <node ref="J1" pin="4" pinfunction="GND" pintype="power_in"/>
      <node ref="J1" pin="5" pinfunction="Shield" pintype="passive"/>
      <node ref="J2" pin="2" pinfunction="Pin_2" pintype="passive"/>
      <node ref="J3" pin="2" pinfunction="Pin_2" pintype="passive"/>
      <node ref="JP1" pin="2" pinfunction="C" pintype="passive"/>
      <node ref="U1" pin="2" pinfunction="VSS" pintype="power_in"/>
    </net>
    <net code="3" name="Net-(C1-Pad2)">
      <node ref="C1" pin="2" pintype="passive"/>
      <node ref="D1" pin="1" pintype="passive"/>
      <node ref="D2" pin="2" pinfunction="A" pintype="passive"/>
      <node ref="U1" pin="4" pinfunction="VDD" pintype="power_in"/>
    </net>
    <net code="4" name="Net-(D2-Pad1)">
      <node ref="D2" pin="1" pinfunction="K" pintype="passive"/>
      <node ref="R3" pin="2" pintype="passive"/>
    </net>
    <net code="5" name="Net-(F1-Pad2)">
      <node ref="F1" pin="2" pintype="passive"/>
      <node ref="J1" pin="1" pinfunction="VBUS" pintype="power_in"/>
    </net>
    <net code="6" name="Net-(J3-Pad1)">
      <node ref="J3" pin="1" pinfunction="Pin_1" pintype="passive"/>
      <node ref="JP2" pin="1" pinfunction="A" pintype="passive"/>
    </net>
    <net code="7" name="Net-(JP1-Pad1)">
      <node ref="JP1" pin="1" pinfunction="A" pintype="passive"/>
      <node ref="R1" pin="1" pintype="passive"/>
    </net>
    <net code="8" name="Net-(JP1-Pad3)">
      <node ref="JP1" pin="3" pinfunction="B" pintype="passive"/>
      <node ref="R2" pin="1" pintype="passive"/>
    </net>
    <net code="9" name="Net-(R1-Pad2)">
      <node ref="R1" pin="2" pintype="passive"/>
      <node ref="R2" pin="2" pintype="passive"/>
      <node ref="U1" pin="5" pinfunction="PROG" pintype="input"/>
    </net>
    <net code="10" name="Net-(R3-Pad1)">
      <node ref="R3" pin="1" pintype="passive"/>
      <node ref="U1" pin="1" pinfunction="STAT" pintype="output"/>
    </net>
    <net code="11" name="VBUS">
      <node ref="D1" pin="2" pintype="passive"/>
      <node ref="F1" pin="1" pintype="passive"/>
    </net>
    <net code="12" name="unconnected-(J1-Pad2)">
      <node ref="J1" pin="2" pinfunction="D-" pintype="bidirectional+no_connect"/>
    </net>
    <net code="13" name="unconnected-(J1-Pad3)">
      <node ref="J1" pin="3" pinfunction="D+" pintype="bidirectional+no_connect"/>
    </net>
  </nets>
</export>
