"Source:","/Users/sapelectronic/Desktop/MMTC_TEST/battery15_version2/battery15_version2.kicad_sch"
"Date:","2023 April 10, Monday 10:22:30"
"Tool:","Eeschema (6.0.5-0)"
"Generator:","/Applications/KiCad/KiCad.app/Contents/SharedSupport/plugins/bom_csv_grouped_by_value_with_fp.py"
"Component Count:","15"
"Ref","Qnty","Value","Cmp name","Footprint","Description","Vendor"
"C1, C2, ","2","10uF","C","Capacitor_SMD:C_0603_1608Metric","Unpolarized capacitor",""
"D1, ","1","SS16-E3_5AT","SS16-E3_5AT","custom_Library:SS16-E3_5AT","",""
"D2, ","1","LED","LED","LED_SMD:LED_0603_1608Metric","Light emitting diode",""
"F1, ","1","Polyfuse","Polyfuse","Resistor_SMD:R_1206_3216Metric","Resettable fuse, polymeric positive temperature coefficient",""
"H1, ","1","MountingHole","MountingHole","MountingHole:MountingHole_3mm_Pad","Mounting Hole without connection",""
"J1, ","1","USB_A","USB_A","custom_Library:MOLEX_48037-0001","USB Type A connector",""
"J2, ","1","BATT_JST","Conn_01x02","Connector_JST:JST_ZE_SM02B-ZESS-TB_1x02-1MP_P1.50mm_Horizontal","Generic connector, single row, 01x02, script generated (kicad-library-utils/schlib/autogen/connector/)",""
"J3, ","1","BATT_Pin","Conn_01x02","TestPoint:TestPoint_2Pads_Pitch5.08mm_Drill1.3mm","Generic connector, single row, 01x02, script generated (kicad-library-utils/schlib/autogen/connector/)",""
"JP1, ","1","SolderJumper_3_Open","SolderJumper_3_Open","Jumper:SolderJumper-3_P1.3mm_Open_RoundedPad1.0x1.5mm_NumberLabels","Solder Jumper, 3-pole, open",""
"JP2, ","1","J_JSTandPin","Jumper_2_Open","Jumper:SolderJumper-2_P1.3mm_Open_RoundedPad1.0x1.5mm","Jumper, 2-pole, open",""
"R1, ","1","2k","R","Resistor_SMD:R_0603_1608Metric","Resistor",""
"R2, ","1","3k3","R","Resistor_SMD:R_0603_1608Metric","Resistor",""
"R3, ","1","470R","R","Resistor_SMD:R_0603_1608Metric","Resistor",""
"U1, ","1","MCP73831-2-OT","MCP73831-2-OT","Package_TO_SOT_SMD:SOT-23-5","Single cell, Li-Ion/Li-Po charge management controller, 4.20V, Tri-State Status Output, in SOT23-5 package",""
